country,city,isActive,gender,birthDate,salary,hasChildren,familyStatus,registrationDate
Korea,"Port Marquise",false,female,1977-06-06,9800,false,single,2023-06-19
Suriname,Emmanuelport,true,male,1980-08-19,9373,false,married,2021-03-30
Moldova,"South Antone",true,female,1999-10-20,2411,false,married,2023-01-21
Azerbaijan,Cristalside,true,male,1982-08-23,6469,true,divorced,2016-07-08
"South Africa",Parkerfort,false,male,2001-08-18,2590,true,single,2022-12-11
Hungary,Thielshire,false,male,1983-09-19,8252,false,single,2022-09-14
"Lao People's Democratic Republic",Hahnview,true,male,1984-11-12,1560,false,divorced,2017-11-06
Bangladesh,Satterfieldchester,true,female,1972-01-19,1917,false,single,2017-04-02
Malawi,Opalside,false,female,1993-04-26,5119,true,single,2022-10-24
"Antarctica (the territory South of 60 deg S)","South Queen",false,female,1989-06-30,5927,true,married,2018-03-19
Argentina,"East Elliottburgh",false,male,1986-11-30,1007,true,divorced,2024-04-19
Botswana,"Lake Francesca",true,male,1986-07-04,6452,true,married,2022-12-08
"Czech Republic","East Hermann",false,female,2004-10-29,573,true,single,2021-07-02
"United Kingdom","East Kieranmouth",false,female,1991-09-08,8434,false,single,2015-09-23
Italy,Watersville,true,male,1997-05-14,4291,true,married,2015-10-29
"Sri Lanka",Watsonside,true,female,1984-06-07,7125,true,married,2019-04-10
Belarus,"South Estefaniaberg",false,female,1979-05-05,8685,false,divorced,2024-05-28
Luxembourg,Shieldston,true,male,2003-03-05,1839,true,married,2020-03-12
"Saint Helena","Lake Henristad",false,male,1977-07-28,9915,false,married,2020-12-08
Egypt,Nayelimouth,false,female,2005-08-29,4330,true,single,2017-01-19
Comoros,Garnetttown,false,female,2006-02-23,4985,true,divorced,2024-12-24
Uganda,"Port Ciceroton",false,female,1997-08-21,7904,false,married,2021-06-26
Lesotho,Krisberg,false,female,2002-07-09,2029,true,married,2023-07-20
Guinea,Raynormouth,true,female,1976-02-28,6677,true,married,2024-08-18
Iceland,"East Leora",true,male,1997-04-18,8276,false,divorced,2015-02-26
"Antigua and Barbuda",Dareshire,true,male,1983-09-07,1544,false,married,2019-12-17
"Slovakia (Slovak Republic)",Caylatown,true,male,1977-09-26,2482,false,single,2017-09-01
Kenya,Sisterton,true,female,1981-03-04,6659,false,married,2017-08-01
Moldova,"South Jedidiahstad",true,female,2000-07-12,3552,false,single,2020-11-24
"Saint Lucia","North Davonstad",true,female,1976-01-19,2245,true,married,2017-02-08
Mexico,"West Jayceborough",true,male,1982-06-24,3595,false,single,2019-07-14
"Central African Republic",Gutkowskiport,true,female,1984-01-25,5658,false,married,2022-04-17
Palau,"North Sophieland",true,male,1986-07-02,3427,true,single,2019-09-18
Seychelles,"South Nakia",false,male,1977-06-01,898,true,married,2020-04-20
Uruguay,"South Forest",true,male,2002-09-04,6161,true,divorced,2020-09-04
Thailand,Jasonstad,false,female,1988-07-13,7597,true,single,2021-12-27
"Syrian Arab Republic",Quintonberg,false,male,1998-12-29,6752,true,divorced,2021-03-08
Malawi,"East Bellfurt",false,female,1988-04-30,8659,false,married,2018-02-01
Poland,"West Estaland",true,female,1998-03-07,6906,false,single,2023-05-11
Moldova,"West Edgar",false,female,2002-02-07,1445,true,single,2024-04-30
Benin,"Port Josiah",true,female,2006-11-03,8373,false,married,2024-11-03
Mayotte,"Port Maxmouth",false,female,1989-09-21,4481,false,single,2017-05-27
"Bosnia and Herzegovina","East Fredrick",false,female,1980-05-07,4838,true,single,2019-04-30
"Brunei Darussalam","Lake Hertha",true,female,1996-02-08,611,true,married,2018-09-08
Poland,Danielchester,true,male,1991-01-23,9785,true,divorced,2018-01-18
"El Salvador","South Otho",true,male,1975-06-07,7372,false,single,2022-08-28
"Brunei Darussalam",Zettaland,true,female,1988-04-22,5936,false,married,2018-06-27
Egypt,Jerdeshire,false,female,2000-06-12,1816,true,married,2020-01-14
Benin,Danielport,false,male,1982-10-29,941,false,single,2015-04-16
Aruba,Evansstad,false,female,1998-12-28,8908,false,divorced,2016-05-26
"Northern Mariana Islands",Briceville,true,male,1980-11-24,5149,true,divorced,2018-08-13
Sweden,"New Dahlia",true,female,1996-10-10,9840,true,single,2015-12-14
Thailand,Veldaport,true,female,1987-01-11,1668,true,married,2016-09-14
"Saint Vincent and the Grenadines","New Orlo",false,female,1987-10-26,4036,false,single,2024-11-07
Zimbabwe,Giannistad,false,male,2006-06-01,5165,false,married,2017-06-22
"Libyan Arab Jamahiriya",Bruenside,true,female,1999-03-27,2948,false,single,2022-01-20
Angola,Beiertown,false,male,1984-10-31,4118,true,divorced,2020-05-01
"Dominican Republic",Diannaberg,false,female,1981-01-06,1081,false,married,2022-02-10
Macao,"West Dejahberg",false,female,1994-11-10,5901,true,married,2019-08-02
Colombia,"South Frankmouth",false,female,2002-01-01,6591,true,single,2022-08-29
Timor-Leste,Shaniemouth,true,female,1995-03-16,6680,false,single,2018-12-02
Belarus,Haleymouth,true,male,1989-05-01,3223,true,married,2017-11-25
Belgium,Funktown,false,male,1999-11-18,4103,false,married,2021-05-02
Korea,Antoniettaland,true,female,1983-05-12,7982,true,single,2024-08-25
Nauru,"West Addiestad",false,male,1976-10-13,5068,false,divorced,2015-11-02
Lesotho,Liamton,false,male,1990-09-12,4044,true,married,2018-02-25
Greece,Grimesfort,false,male,1970-10-07,5629,false,single,2018-08-09
"Northern Mariana Islands","East Werner",true,male,1977-10-18,9391,false,divorced,2022-03-28
Nauru,Lebsacktown,true,female,1979-02-01,9029,false,divorced,2015-08-23
Jordan,"South Loyland",true,female,2003-01-24,3132,true,single,2019-01-05
"British Indian Ocean Territory (Chagos Archipelago)","North Makenziestad",false,female,1998-05-08,2022,false,married,2020-01-31
Jordan,"West Rylee",true,female,1980-06-18,3058,false,single,2023-01-19
Nepal,"New Shyannehaven",true,female,1993-06-09,6123,true,single,2018-04-21
Ireland,"North Erick",false,female,1973-09-07,689,false,divorced,2018-12-27
Kuwait,Framishire,true,female,1980-06-13,8251,false,single,2019-05-30
Nigeria,"Port Danechester",true,male,1974-06-23,24,false,married,2020-05-30
Monaco,Judgestad,true,male,1987-08-04,3856,false,single,2015-04-19
Nigeria,"East Jorgeburgh",true,male,1980-10-31,6646,true,divorced,2019-12-22
Senegal,Adrianchester,false,male,1974-08-22,9217,false,married,2020-07-27
Jersey,"Port Lueberg",false,female,2005-10-27,6002,false,single,2022-04-28
Bangladesh,Eugeniaville,false,male,1988-02-23,6960,true,married,2019-05-01
Guyana,"North Maureenfurt",true,male,1981-06-28,6661,true,married,2023-06-16
Korea,Rebatown,true,female,1980-06-19,2847,true,married,2023-01-10
Germany,"South Kianaland",true,female,1984-10-20,7898,true,married,2024-05-29
Panama,"East Karson",false,female,1997-10-05,6275,false,single,2021-05-07
Guinea-Bissau,"North Eulahfurt",true,male,1977-07-29,1993,true,single,2022-03-03
"French Polynesia","New Laurencestad",false,female,1978-10-25,5083,false,divorced,2021-03-01
Paraguay,Oswaldoville,true,female,1999-11-07,1556,true,divorced,2019-03-10
Armenia,Nettieside,true,male,1997-10-24,2025,false,divorced,2019-07-13
Chad,"Lake Robin",true,male,2001-02-24,2252,true,single,2018-09-27
Macedonia,Lauraton,false,female,1997-02-13,773,true,single,2017-10-09
Liechtenstein,Malvinamouth,true,male,2004-05-05,7145,true,divorced,2019-07-06
Monaco,Archmouth,true,female,1976-02-25,6447,false,divorced,2020-09-26
Botswana,Adeleland,false,male,2003-03-18,7350,true,married,2023-10-09
"United States Minor Outlying Islands",Kiehnside,true,female,1994-05-06,2135,false,single,2018-09-30
Nepal,Kaitlynfort,true,female,1992-03-28,5335,false,married,2022-08-26
Aruba,"New Hildegardfurt",false,female,1996-08-15,173,true,divorced,2024-09-14
Gambia,"Port Jadynberg",true,female,1976-07-30,3328,true,single,2022-05-04
Austria,"Port Florencio",true,male,1984-10-03,2684,true,single,2016-12-13
"United States Minor Outlying Islands","East Victorfort",false,male,1985-03-03,5207,true,married,2018-04-01
Peru,"New Thoraview",true,male,1994-07-02,2705,false,divorced,2018-08-24
Madagascar,"North Sammy",false,female,1989-02-17,1473,false,divorced,2016-03-03
Nicaragua,"North Carmine",false,female,2000-11-02,8630,false,divorced,2023-10-22
Sweden,"South Deja",false,male,2005-02-26,7197,true,divorced,2018-01-02
Paraguay,Opheliaton,true,male,1989-06-21,2003,false,single,2015-10-29
"Sao Tome and Principe","South Margieton",false,male,1994-04-16,9638,true,divorced,2019-06-15
Bolivia,"East Jordan",true,male,1991-02-04,2287,true,divorced,2018-08-07
Togo,Dietrichberg,true,female,1974-02-25,5942,false,single,2024-10-20
Finland,"Port Leonard",true,female,1981-04-25,8235,true,married,2020-04-01
"Saint Helena","South Rosemaryberg",true,male,1997-12-29,4947,true,divorced,2020-07-12
Cuba,"South Norrisfort",true,female,1989-07-22,2813,false,divorced,2022-08-16
Cyprus,"Port Alicia",false,female,2004-08-25,7104,false,married,2017-06-14
Niger,"East Mauriciohaven",true,female,1986-12-02,6575,true,married,2023-08-25
Poland,Princessfort,true,male,1985-04-29,8459,false,married,2021-08-19
Guatemala,"New Rogers",true,male,1980-06-01,42,false,divorced,2024-06-22
Belize,"North Isobelmouth",true,male,2004-02-17,9575,true,single,2018-11-07
Thailand,Millston,false,female,1985-05-24,6519,true,married,2023-09-23
Guinea,Morarborough,false,female,1984-01-11,2351,false,single,2024-01-24
Bermuda,"New Trever",false,female,1973-05-19,2200,true,single,2022-04-11
"Saint Helena",Dickinsontown,true,female,2006-12-27,7364,false,divorced,2019-11-18
Uruguay,"North Paulachester",false,male,1983-05-02,1376,false,single,2022-04-25
India,Bernierfurt,false,female,1983-08-18,8716,true,single,2022-10-27
Mali,Rosariofort,true,male,1971-03-15,3984,true,single,2022-10-22
"Burkina Faso","New Kara",false,female,1994-10-10,9363,true,single,2016-05-31
Burundi,"South Randall",true,female,1973-08-09,4025,true,divorced,2023-06-27
Burundi,"New Cristal",false,male,1986-04-30,1193,true,divorced,2021-01-06
Finland,"Lake Novellamouth",false,female,1981-04-07,5667,true,divorced,2022-06-27
Mexico,"West Emoryport",false,male,1995-12-28,6283,true,married,2020-07-23
Poland,"South Abelardo",true,female,1984-08-10,9278,false,single,2020-04-16
Netherlands,Isaiaston,true,male,1987-01-16,3721,false,divorced,2017-11-29
"New Zealand","Lake Ayanaside",false,female,1987-01-22,9643,true,divorced,2020-03-16
France,"Lake Aletha",false,female,1995-07-03,8350,true,single,2024-04-13
"Sri Lanka","West Alyshaport",true,male,1971-04-20,4548,true,married,2024-11-18
Rwanda,"West Deangelo",true,male,1994-05-05,6619,true,divorced,2019-12-02
"Isle of Man","South Lonnie",false,female,1978-01-03,9296,false,single,2021-03-21
Egypt,Garnetview,false,female,2005-09-16,5879,true,single,2021-07-17
Uzbekistan,"North Sylvesterchester",false,female,1982-09-03,3812,true,divorced,2023-12-15
Anguilla,"South Katrinaville",true,male,1996-11-19,3037,true,married,2018-02-09
Mayotte,"Port Hyman",true,male,1973-09-08,220,true,single,2017-11-17
Kiribati,Cydneyburgh,false,female,1985-05-19,4635,true,single,2017-01-23
"Antarctica (the territory South of 60 deg S)","New Alizechester",false,female,1986-11-20,7710,false,divorced,2019-05-16
Chile,"North Adriana",true,female,2001-12-16,1119,false,married,2017-06-22
"Christmas Island","South Jarvishaven",true,female,2001-09-23,6640,false,single,2015-05-31
"United Kingdom",Raynorstad,false,male,2002-04-15,4292,false,single,2016-10-25
"Saudi Arabia",Brekkeview,true,female,1994-03-30,2427,true,divorced,2019-06-01
Suriname,"Lake Yasminemouth",true,female,1991-03-15,7422,true,divorced,2020-01-02
Morocco,Binston,false,male,1988-10-13,5858,true,divorced,2019-08-19
Lebanon,Dejahberg,false,male,1982-03-27,2950,true,married,2017-09-07
Guatemala,Baileytown,false,male,1980-03-08,6445,false,single,2021-02-12
"Saint Vincent and the Grenadines",Lockmanborough,false,female,1975-07-22,9939,false,single,2022-08-17
Micronesia,Keshaunfurt,false,male,1978-01-31,6083,false,divorced,2021-02-12
Uzbekistan,Kshlerinton,true,female,1970-02-27,2309,false,single,2015-02-21
Kazakhstan,"West Pietrohaven",true,male,1981-10-21,9575,false,single,2019-06-06
Vietnam,Moenburgh,true,male,1989-09-21,710,true,divorced,2023-03-21
Reunion,Kovacekport,false,male,1982-09-21,7381,false,single,2019-05-04
Rwanda,"East Freeda",true,male,1973-01-09,6147,false,married,2024-11-07
Finland,Humbertostad,true,male,1974-10-26,6394,false,married,2020-06-20
"United States Minor Outlying Islands","North Tristin",true,female,1980-12-11,646,false,married,2020-03-27
"Slovakia (Slovak Republic)",Assuntaton,true,female,1999-11-06,7401,true,single,2017-08-29
Pakistan,Gaylordborough,false,female,2000-12-08,6634,true,divorced,2015-05-17
Estonia,Runolfssonmouth,false,male,1970-09-25,1206,false,single,2023-11-17
Hungary,"North Oniestad",true,male,1989-11-27,238,true,divorced,2022-09-15
Bangladesh,"West Leora",false,male,1977-05-10,8234,false,married,2017-01-15
Tokelau,"Lake Cale",true,female,2006-05-30,581,false,single,2020-11-29
Panama,"East Cordiaburgh",false,female,1998-02-25,2167,true,married,2016-12-01
Cambodia,"South Percival",true,male,1974-03-14,6484,true,married,2016-03-03
"Palestinian Territories",Janisport,true,female,2004-06-10,1860,false,divorced,2020-03-12
Timor-Leste,"Port Marquise",false,male,1972-10-31,4566,false,single,2018-06-13
Germany,Glendaberg,true,male,1992-11-17,8886,true,single,2019-12-03
Croatia,Gerholdside,false,male,1978-10-22,5317,false,married,2015-07-07
Colombia,Kassulkemouth,false,female,1990-04-11,8543,false,married,2015-08-01
Niue,Creminville,true,male,1996-12-18,1237,false,divorced,2025-01-01
"Wallis and Futuna","Lake Katrine",false,male,1992-04-28,3764,true,married,2016-09-01
Algeria,"East Zeldafort",false,male,1995-06-25,8681,true,single,2023-06-26
Indonesia,Homenickburgh,true,female,1984-05-11,7403,false,single,2018-06-06
Palau,Wardfurt,false,male,1982-05-15,708,false,single,2019-11-09
Montenegro,"North Rex",true,male,1985-07-30,9825,true,single,2023-05-15
Bahamas,Jonathantown,false,female,1997-04-03,9831,false,married,2023-06-06
Montenegro,Bomouth,false,female,1984-12-05,6586,true,single,2021-11-14
Mayotte,"West Keyshawnport",false,male,1997-02-01,6791,true,single,2015-03-30
Senegal,"West Ednashire",false,male,2000-04-04,5100,false,single,2024-05-16
"Trinidad and Tobago",Millerside,false,male,1975-11-17,5550,false,single,2016-09-25
"Marshall Islands","Port Pansymouth",true,female,1989-01-25,5635,true,divorced,2016-10-10
Bahrain,Bentontown,true,male,2004-10-14,2957,false,divorced,2018-07-14
"Heard Island and McDonald Islands","Port Bentonmouth",true,female,1982-10-22,9239,true,single,2018-06-11
Guernsey,Nayelitown,true,male,1994-05-16,3623,false,single,2015-02-19
Turkmenistan,Deborahview,false,female,2002-08-20,4155,false,divorced,2020-05-25
Vietnam,Mackfurt,true,male,1993-09-08,6731,true,married,2020-02-13
Iceland,Dewaynechester,false,female,1987-10-08,4605,false,married,2016-01-10
India,"East Amelia",false,female,1999-06-27,9785,true,married,2023-01-06
Malaysia,"North Gustavetown",false,female,1989-01-16,5429,true,married,2017-06-23
Nigeria,Zaneside,true,female,1986-03-08,9584,false,married,2022-05-01
"Norfolk Island","West Julius",false,female,1997-05-08,5250,true,divorced,2021-11-17
Turkmenistan,Luettgenstad,true,male,1997-03-05,8589,true,single,2021-05-02
Guinea,Juniorshire,true,male,1989-06-19,4889,false,divorced,2021-04-27
Cameroon,Amparoview,false,female,2001-10-03,4361,false,married,2015-08-13
Spain,Ebertfort,false,female,1998-03-18,5427,true,married,2022-12-08
Germany,Marlontown,false,female,1974-02-15,5301,false,divorced,2022-04-19
"British Indian Ocean Territory (Chagos Archipelago)","Lake Casimir",true,female,1970-05-03,9863,true,single,2024-01-23
"Cocos (Keeling) Islands","North Charlotteton",false,female,1983-02-17,9880,true,married,2018-10-12
Swaziland,Schinnerstad,false,male,1972-01-16,6414,true,single,2019-06-27
"French Polynesia",Langworthbury,false,female,2004-12-27,4046,true,single,2017-10-25
Austria,Rosettaside,false,male,2003-03-11,4036,false,single,2024-08-02
"British Virgin Islands","East Reedport",true,male,1991-05-19,4242,false,divorced,2022-10-19
Austria,"Port Alvertaville",false,female,1992-01-30,1333,true,married,2024-01-17
Turkey,"West Leachester",true,male,1989-08-19,9139,false,divorced,2020-04-08
Jamaica,Parkermouth,true,male,1990-05-28,2899,false,divorced,2015-07-29
Australia,O'Konport,false,male,1996-02-19,6933,true,single,2020-03-29
Ukraine,"South Lorenmouth",true,female,1981-08-27,1297,true,single,2024-05-23
"Russian Federation","East Johnnymouth",false,female,1972-12-04,4441,true,single,2018-05-19
Tuvalu,"East Elenastad",true,male,1996-08-18,9689,true,married,2018-06-24
"Burkina Faso",Chaimfurt,true,male,2000-05-26,6053,true,divorced,2020-11-30
Mauritius,Balistrerichester,false,female,2005-01-02,9292,false,single,2015-04-13
Ukraine,"East Leonie",true,male,1975-08-25,7380,true,married,2025-01-21
Mexico,Rohanstad,true,male,1984-12-29,1208,false,divorced,2016-06-05
"Saint Lucia","West Evangeline",true,male,1974-05-31,692,false,single,2025-01-08
Estonia,Katelynnland,true,male,1991-09-02,3912,true,married,2024-11-27
Andorra,"West Jess",false,female,1999-03-26,9269,false,divorced,2015-02-21
"United States of America",Grantburgh,true,female,1990-03-02,8733,false,single,2022-06-17
"Lao People's Democratic Republic","East Lucyfort",false,female,1999-01-27,5449,false,divorced,2021-07-29
Yemen,Zettaberg,false,male,1994-08-20,8483,false,married,2024-06-03
Mexico,"West Frieda",false,female,1978-01-07,9146,true,divorced,2023-04-19
Djibouti,Hayesmouth,true,female,2004-07-12,1028,true,divorced,2022-08-09
"French Guiana","East Golda",true,female,1992-12-10,6906,true,divorced,2015-05-18
Oman,"South Murray",true,female,1973-07-04,4237,true,married,2024-04-24
"Pitcairn Islands","Port Kay",true,female,1991-04-07,290,false,married,2023-11-09
"Marshall Islands","North Amiya",false,female,2006-02-03,2313,true,married,2020-11-04
Venezuela,"Lake Demetriusville",false,male,2002-08-28,4778,true,divorced,2024-12-19
"Burkina Faso",D'Amorefurt,true,female,1996-03-11,7928,false,married,2015-05-15
"Saint Kitts and Nevis",Tillmanchester,false,female,1970-06-17,438,false,divorced,2022-10-09
Honduras,"East Pauline",false,female,1988-04-25,3695,false,married,2021-06-23
Philippines,Cronafort,false,male,1985-07-16,6578,false,single,2018-03-08
"Burkina Faso","West Percival",false,male,2000-12-02,8928,true,married,2023-12-30
Micronesia,"Port Laviniaville",false,female,2006-07-01,4371,false,divorced,2020-01-11
"South Africa","North Marlon",true,female,1983-11-07,9175,false,divorced,2021-12-15
"Turks and Caicos Islands","North Ludieton",false,male,1971-09-23,3392,false,married,2017-12-23
Mauritania,"Port Lourdesmouth",true,male,1992-03-31,5451,false,divorced,2019-08-06
"Sierra Leone","North Jaida",true,male,1975-02-01,729,true,single,2023-03-08
Korea,Christinafurt,true,male,2002-09-22,981,false,married,2018-10-17
Congo,"Port Melvinbury",false,female,2002-02-10,1815,false,divorced,2019-03-26
Montserrat,Dibbertshire,false,female,1988-03-30,9741,true,married,2017-12-03
Ireland,"Lake Vidalmouth",false,male,1970-03-29,9238,false,single,2017-01-08
France,Creminborough,false,male,1970-03-02,1502,true,divorced,2018-11-06
Paraguay,"South Roderick",true,female,1989-01-09,8702,false,single,2016-11-30
Yemen,Howellside,false,male,2005-11-16,9472,false,single,2015-08-27
"Svalbard & Jan Mayen Islands",Kozeychester,false,female,1982-08-13,888,false,married,2017-03-25
Lithuania,"Lake Dangelo",true,female,1977-07-10,5050,true,divorced,2020-01-20
Qatar,Sanfordview,false,male,1971-12-29,4575,true,divorced,2015-05-04
"Dominican Republic","South Rafaelstad",true,male,2003-07-20,7234,true,single,2022-11-10
Tuvalu,Travonton,false,female,1982-06-01,5915,false,divorced,2020-04-29
Finland,Ericktown,true,female,1986-11-27,2430,false,married,2018-08-06
Armenia,"West Elissashire",false,female,2005-08-19,4634,true,married,2016-02-05
Mongolia,Nitzscheburgh,true,female,2001-09-28,1421,true,married,2023-07-13
Bahamas,Antoniettaville,true,male,1977-07-21,5819,true,divorced,2018-04-20
Bangladesh,"East Ransomshire",false,male,1978-08-05,7079,false,married,2021-11-10
Nepal,"West Karina",true,male,1991-04-15,6996,false,divorced,2022-02-03
Jamaica,Quitzonmouth,true,female,1970-04-27,1781,true,divorced,2024-06-28
Nepal,Ziememouth,false,female,1998-04-24,1847,false,married,2020-09-08
Liberia,Rickystad,false,female,1973-01-20,1869,true,married,2023-09-19
Tonga,"East Meagan",false,male,1990-12-04,1725,true,divorced,2021-05-28
Botswana,"North Dallasborough",false,female,2005-08-15,9389,false,married,2015-07-09
"Cocos (Keeling) Islands","Port Gayle",true,female,1995-02-17,8872,false,married,2019-03-27
Comoros,"North Katherinechester",true,female,1983-06-04,1664,false,married,2022-07-30
Albania,Binsborough,false,female,1972-03-28,6411,false,divorced,2021-03-22
Colombia,"Port Jarvisside",false,female,1989-02-21,7894,false,married,2020-07-25
"Central African Republic",Greenport,false,female,1996-10-09,5038,true,divorced,2017-06-01
Taiwan,"New Remingtonmouth",true,male,1972-11-17,3476,true,single,2017-11-23
Qatar,"New Ashaville",false,male,1973-02-06,4472,true,single,2019-03-16
Belarus,"West Autumn",true,male,1995-11-20,1007,false,married,2021-03-20
Guam,Alyceberg,false,male,1980-02-19,3087,true,single,2022-09-09
Greece,Rebekaberg,false,female,2000-05-04,2197,true,single,2022-12-20
Palau,Dietrichtown,true,male,1998-05-06,5803,true,divorced,2020-12-25
Botswana,"West Hobarthaven",false,male,1975-05-25,3265,false,divorced,2023-12-10
Lebanon,Brayanmouth,false,male,1985-11-01,9453,true,divorced,2020-08-01
"Antigua and Barbuda",Kuhichaven,true,female,1994-04-29,4537,true,divorced,2025-01-14
Cameroon,"Lake Howard",false,female,1988-05-15,7240,false,married,2023-08-14
Thailand,"North Hudsonland",true,male,1987-09-02,8557,true,married,2020-01-11
Uruguay,Tiannafurt,true,female,1992-03-25,1291,false,single,2016-03-03
Vanuatu,"Port Catharinestad",false,male,1996-03-28,1484,true,married,2024-01-24
"Papua New Guinea","West Jaydetown",false,female,1999-05-03,5162,true,single,2016-09-23
Hungary,Deronfort,true,female,1998-05-14,3083,true,divorced,2021-09-06
Liechtenstein,"West Maudie",false,male,1992-08-13,4713,true,divorced,2015-04-26
Nepal,"East Devon",true,female,1998-12-21,2278,false,single,2024-12-26
Nepal,Lavonneland,true,male,2005-09-10,1546,false,single,2020-09-19
Tonga,Weldonmouth,false,female,1999-05-24,3213,true,married,2018-05-19
Togo,"Port Hildafort",false,female,1981-05-20,7747,false,married,2015-12-24
Azerbaijan,"Port Janet",false,male,1978-11-07,231,true,divorced,2020-06-19
Greenland,Gleichnerton,true,female,1992-11-02,8579,true,single,2024-10-09
Jordan,Celestineport,false,male,1981-12-11,9526,false,married,2019-07-26
Guinea-Bissau,"Lake Mossiebury",false,female,1996-01-24,1965,false,single,2015-08-07
"United Kingdom","New Emiechester",true,female,1977-02-12,651,true,single,2015-12-18
Monaco,"Lake Abrahamland",false,male,2004-06-29,4844,false,married,2017-04-04
Liechtenstein,Pourosfurt,true,female,1978-09-05,9429,true,divorced,2020-11-15
China,Murphymouth,false,male,1991-01-15,8120,true,single,2021-07-14
"Wallis and Futuna","New Ismaeltown",true,female,1988-02-12,3573,true,married,2022-06-02
Algeria,Evertfort,false,female,1998-10-16,8652,true,married,2015-08-22
Brazil,"South Shakira",true,male,1973-12-16,827,true,divorced,2020-02-09
Bolivia,Monahanview,false,female,1982-10-22,7122,false,divorced,2017-04-02
Gambia,Katrinaborough,true,male,1979-06-14,6345,true,married,2015-11-10
Niger,Langstad,false,female,1995-03-11,6382,true,single,2023-03-17
"Solomon Islands","East Margaretland",true,male,1978-08-06,5616,false,divorced,2021-09-07
Comoros,Jadynburgh,true,male,2004-08-09,9739,true,single,2017-10-29
Honduras,"South Elsie",true,male,1974-10-18,4491,true,married,2015-06-02
Cameroon,"West Alexandrabury",true,male,1978-08-31,9120,true,single,2019-04-02
"United Arab Emirates","East Alexachester",true,female,1982-10-16,6569,true,single,2021-07-08
Bolivia,"New Allenfurt",false,male,1978-10-22,4502,false,divorced,2015-06-16
Zimbabwe,"East Madilyn",true,female,1995-06-22,4371,true,married,2024-11-18
Kazakhstan,Giovanniberg,true,female,1974-11-05,5203,false,divorced,2016-01-20
Greenland,Luettgenland,true,female,2003-02-03,4566,true,married,2023-10-02
"United States Minor Outlying Islands","East Haliemouth",true,male,2002-10-07,5494,false,married,2015-05-17
Finland,"South Garry",true,female,1987-03-25,5543,false,single,2021-10-29
Greece,"North Hiltonmouth",true,female,1970-05-17,7484,true,divorced,2019-12-28
Sudan,"West Randallfort",false,male,1974-01-17,8715,true,single,2018-03-22
Germany,Justinechester,true,male,1971-05-08,9830,true,married,2018-05-08
Togo,Kurtville,true,male,2002-11-03,2388,false,divorced,2019-11-23
Poland,Sanfordland,true,female,1992-04-02,6010,false,single,2019-07-21
Somalia,"Port Shannonville",true,female,1986-08-02,7948,true,married,2018-02-02
Djibouti,"New Felton",true,female,1988-05-05,6133,false,single,2021-02-25
Croatia,"West Demetrius",false,female,1974-07-17,5388,true,divorced,2023-11-19
"Marshall Islands","East Jasenmouth",true,male,1983-02-05,1296,false,divorced,2015-08-02
Guernsey,Raymundofurt,true,female,1988-07-30,3678,false,married,2020-05-07
Canada,Ellieborough,true,female,1979-12-08,6140,false,divorced,2018-04-27
Sudan,Bobbieshire,true,male,1997-04-02,6970,false,married,2017-02-25
Algeria,Bogisichberg,false,male,1991-12-24,7211,false,divorced,2019-12-29
Panama,Hollyville,true,female,1985-05-26,4515,true,married,2017-08-13
Benin,Korbinport,true,male,2000-01-20,8930,true,single,2017-08-04
Albania,Dietrichmouth,true,male,1990-05-15,8747,true,divorced,2018-02-13
Japan,Carrollchester,true,female,1995-08-14,6899,true,married,2020-07-16
Zimbabwe,"Lake Carolanne",true,female,1980-01-18,228,true,single,2018-05-03
"Holy See (Vatican City State)",Laneyside,true,male,1984-07-05,751,true,divorced,2018-05-30
Bolivia,Gussiemouth,true,female,2001-06-25,810,false,divorced,2017-08-29
Ethiopia,"West Francesca",false,female,1982-04-10,6020,true,divorced,2020-02-29
"Sierra Leone",Pricestad,false,male,1974-11-12,4153,false,married,2018-05-22
"American Samoa","North Docktown",false,female,1978-05-11,8563,true,married,2017-05-14
Bangladesh,"Lake Ephraim",false,male,1991-08-06,1413,false,divorced,2019-10-03
Macedonia,Wittingland,false,male,1970-04-19,8572,true,married,2017-06-17
Liberia,"West Aliviastad",true,female,1981-03-22,8987,true,married,2024-07-21
Tunisia,Cheyenneshire,false,male,2002-03-29,5096,true,divorced,2024-09-07
Croatia,"New Lavon",false,female,2006-08-26,6818,true,divorced,2020-01-21
Italy,Candidatown,true,female,1993-10-25,9206,false,single,2024-07-02
Portugal,"East Erickaland",false,male,1997-01-10,3893,false,divorced,2015-12-03
Pakistan,Veldafurt,true,female,1992-01-12,6859,true,single,2016-01-18
Tuvalu,Bahringerfurt,false,male,1972-01-09,6487,true,divorced,2022-08-31
Belize,Keenanton,false,female,2002-07-22,556,false,divorced,2019-06-13
Monaco,"New Corbinshire",true,female,2002-11-14,3215,true,single,2023-12-04
France,"New Gerhardview",true,male,2000-09-25,9421,false,single,2021-03-04
Israel,Tarachester,true,male,1992-07-11,3628,true,single,2024-11-13
"Burkina Faso",Kassandraton,false,male,1989-07-22,8842,true,single,2019-12-06
Bahrain,"South Letha",false,male,1997-09-11,9954,false,divorced,2019-12-30
"Cote d'Ivoire",Quigleytown,false,female,1971-12-03,1602,true,married,2020-07-07
Bhutan,Fredrickstad,false,female,1984-03-23,3248,true,married,2018-04-19
Italy,Greggland,false,male,1992-11-17,497,false,divorced,2019-11-07
"Sri Lanka","West Ivy",false,female,2002-12-11,7717,false,divorced,2023-03-16
Colombia,"East Clemmie",false,female,1972-11-27,6903,false,married,2022-12-05
"Isle of Man",Anabellemouth,true,male,2007-02-01,3201,false,single,2024-10-30
Lesotho,Leonorafort,true,female,1989-01-23,5728,false,divorced,2020-10-26
Singapore,"North Buster",false,female,1973-07-05,4720,false,divorced,2015-04-23
Switzerland,Bartellfort,false,male,1981-12-25,1284,true,married,2020-07-14
Denmark,Aldaburgh,false,female,1976-12-15,1495,false,married,2022-07-30
Vanuatu,Jodiechester,false,male,2006-09-23,7782,false,single,2017-12-08
Tajikistan,"Port Lenora",false,female,2000-04-28,5189,false,divorced,2017-11-09
Paraguay,"South Faustino",true,female,2002-05-09,9656,true,single,2018-11-22
Comoros,Bednarside,true,male,1977-04-23,5307,true,single,2023-12-01
Korea,"South Jeanette",false,male,1999-06-01,8041,true,divorced,2018-08-10
Chile,Corkeryhaven,false,female,1983-05-17,1942,true,single,2023-10-11
Jordan,Narcisoland,true,male,1981-04-10,8882,false,single,2023-02-17
Israel,Zackeryfurt,false,female,1979-09-30,6832,false,married,2017-08-23
Swaziland,Fritschburgh,false,female,2005-10-03,2871,false,married,2024-08-16
Dominica,Veldaborough,true,female,1987-10-29,4893,false,single,2024-04-24
Guyana,"East Naomie",false,female,2002-03-09,1012,true,divorced,2019-07-04
Kazakhstan,"West Maximilian",true,female,1973-09-04,7533,false,single,2021-12-12
Japan,Hubertchester,false,female,1988-12-17,8442,false,single,2021-08-16
Guyana,Emeliahaven,false,male,1996-07-05,6849,true,divorced,2015-10-03
Martinique,"New Lanceville",false,male,1992-02-01,5866,false,married,2018-01-28
"Puerto Rico","Lake Hudsontown",true,male,1999-06-02,1272,false,single,2020-04-29
France,"South Julian",false,female,1991-09-22,5176,true,married,2018-11-24
France,Kulasmouth,true,male,1985-03-31,3068,true,married,2020-03-19
Korea,"North Melvinchester",false,male,1988-09-09,9086,true,single,2022-01-12
Senegal,"Lake Margiehaven",true,male,1994-04-08,7075,false,divorced,2023-04-17
"South Africa",Connberg,true,male,1974-08-29,7981,true,married,2020-07-19
Zimbabwe,"East Edamouth",false,female,1983-10-21,8989,false,married,2015-02-18
"New Zealand","West Abigayleborough",true,male,1971-04-19,7584,false,single,2019-11-16
Korea,"Lake Korey",true,male,1979-11-28,3391,true,divorced,2022-01-13
Jersey,"Port Annaland",false,female,1978-01-08,6259,true,divorced,2024-04-18
"Antigua and Barbuda",Swaniawskiborough,true,male,1994-06-07,7803,true,single,2023-09-03
China,"East Tomport",false,female,1977-04-02,606,true,divorced,2017-09-08
"French Southern Territories","Lake Weldonshire",true,female,2005-01-27,6392,false,divorced,2023-10-01
"Equatorial Guinea","South Josephberg",true,female,1986-05-09,5386,false,divorced,2022-12-12
"Christmas Island",Bethanymouth,true,female,2004-01-07,8910,true,married,2017-05-14
"Sierra Leone",Ewellbury,false,male,1971-03-03,8585,true,married,2023-06-26
"United States Minor Outlying Islands","West Liliana",false,female,1996-12-15,7274,false,married,2021-12-03
Iraq,Mayeside,true,female,2002-07-05,4335,false,single,2022-03-14
Israel,"Port Carolanne",true,male,1998-10-21,1845,false,divorced,2023-12-06
Sudan,"New Icie",false,female,2000-09-16,9632,false,married,2016-02-13
Andorra,"North Meaghan",true,male,1998-04-25,9313,false,married,2017-07-07
Tokelau,"South Gunnarport",true,female,1979-06-12,8242,false,divorced,2021-04-12
Ukraine,"South Rhiannon",true,male,1999-12-30,7366,true,single,2017-11-17
Iraq,"North Willowshire",false,female,2000-10-19,4084,true,divorced,2023-09-15
"Syrian Arab Republic",Teaganland,false,male,1989-12-15,162,true,divorced,2019-12-06
Poland,"New Anabellestad",false,male,1972-07-17,5341,true,divorced,2021-08-22
Spain,"South Krista",true,female,1988-10-24,9850,true,single,2015-06-15
Bolivia,"North Gabriellemouth",true,female,2000-01-11,1079,true,divorced,2019-06-25
"Slovakia (Slovak Republic)","South Geo",true,male,1988-07-24,3959,false,married,2022-02-07
Palau,Helgashire,false,male,1972-11-24,7143,false,single,2017-10-17
Montserrat,Ivyton,false,male,1991-05-04,8923,true,single,2024-01-30
China,Greysonburgh,false,male,2001-01-28,1841,false,single,2019-10-27
"Saint Kitts and Nevis",Kossborough,true,female,1994-11-01,581,true,single,2017-11-01
Malaysia,Lindgrentown,false,male,1992-06-29,9493,false,married,2025-01-12
Burundi,"New Leonoraborough",true,female,1988-09-25,9376,false,married,2024-01-02
"Saint Kitts and Nevis","South Jayceemouth",false,female,1978-08-20,9578,true,single,2022-11-05
"Kyrgyz Republic",Lourdesstad,true,female,1991-01-08,8161,true,divorced,2018-02-11
Mozambique,Kassulkeview,false,female,1986-02-24,7998,true,single,2024-01-26
Kenya,Larkinburgh,false,female,1987-08-01,6508,true,divorced,2022-12-20
Argentina,Theastad,true,male,1972-11-25,7396,true,divorced,2017-12-09
"United States Minor Outlying Islands",Jaketon,false,male,1980-07-24,7668,false,married,2016-10-19
Portugal,"Lake Lorinemouth",false,male,1970-08-06,9500,false,married,2020-08-19
Argentina,"East Anna",true,female,2004-03-10,4674,true,married,2017-08-08
Uruguay,Fritschport,true,female,1982-04-29,9567,true,single,2015-09-21
"Burkina Faso",Evangelinefort,true,male,1997-12-23,7646,false,single,2023-08-16
Gibraltar,Lefflerport,true,female,1970-10-11,7498,false,single,2023-03-24
"Sao Tome and Principe",Hettingerfurt,true,male,1982-09-08,7427,false,divorced,2018-03-13
Niue,"Port Emilio",false,female,1983-12-07,7509,true,married,2023-01-26
Guadeloupe,Jacobiview,true,female,1973-01-04,6758,false,single,2022-12-05
Mongolia,"New Danielle",true,male,1979-02-15,6614,true,divorced,2019-06-16
Swaziland,"Lake Joan",false,male,1991-03-25,4646,true,married,2021-02-02
"Isle of Man","North Macy",false,female,1995-12-12,49,true,single,2024-09-19
Nicaragua,Angelitastad,false,male,1990-11-05,721,false,divorced,2023-04-29
Latvia,"North Virginia",false,female,1998-05-16,7108,false,married,2019-08-28
Cyprus,"Port Lukas",true,male,1982-02-26,5221,true,divorced,2023-08-17
"Bosnia and Herzegovina","New Sammie",true,female,1972-02-20,4220,true,divorced,2021-02-04
France,"East Meghan",true,male,1996-02-22,2323,true,married,2020-07-01
Egypt,"Port Aidenchester",true,female,1971-09-12,2161,false,divorced,2024-06-07
Moldova,Streichland,true,female,1999-07-30,4446,false,single,2016-01-03
"Saint Lucia","Port Deborah",false,male,1978-10-06,7191,false,divorced,2021-08-21
Cuba,"North Rowlandshire",true,female,2002-09-29,21,false,divorced,2018-05-16
"Christmas Island",Kirlinmouth,true,male,1996-03-17,5452,true,single,2019-05-17
Kenya,"West Angus",true,male,1992-10-18,2993,false,single,2019-10-24
Korea,"Port Joesphstad",false,male,1987-08-28,9629,true,married,2017-12-22
Poland,Favianbury,true,female,2002-06-12,5145,false,divorced,2022-10-31
Guinea,"South Reina",true,male,1981-11-27,5249,true,single,2015-10-23
Sweden,Altenwerthport,true,male,1998-08-16,1720,true,single,2023-10-18
Bermuda,Abbottburgh,false,male,2001-04-17,4213,false,divorced,2018-03-10
"Dominican Republic",Fadelberg,true,female,1995-03-11,3803,true,married,2018-05-17
Guadeloupe,Aftonside,false,male,1981-04-20,7218,false,single,2018-04-05
Chad,Alexisport,false,female,1976-10-01,3749,false,divorced,2023-05-24
Kiribati,Watsicafort,false,male,1982-12-06,8951,true,married,2015-04-26
Guadeloupe,"Port Dean",false,female,1979-06-16,3335,false,married,2022-04-24
Armenia,Marvinton,true,male,1983-06-30,9351,true,divorced,2020-10-05
Nepal,Janetview,false,female,1975-10-14,897,true,married,2021-04-15
Ireland,Hudsonmouth,false,male,1975-06-14,8201,true,married,2018-01-21
Montserrat,"East Shyanneview",false,male,2001-11-25,4690,true,single,2020-12-30
Comoros,Manteburgh,false,male,1973-04-03,3417,true,married,2022-09-05
"Puerto Rico","Lake Madie",true,male,1982-06-19,1759,true,married,2023-01-30
Guadeloupe,Mariettaland,true,male,2003-03-02,5614,true,single,2020-11-29
"Saint Martin",Ulisesside,true,male,1996-12-30,6876,true,single,2022-05-14
Armenia,"East Holden",true,male,1972-04-01,32,true,single,2022-01-04
Tunisia,"Lake Daijashire",false,male,1978-01-28,1472,true,single,2019-09-03
Bulgaria,"West Linaport",true,female,1987-05-01,645,true,married,2022-02-16
"Sri Lanka",Krisstad,false,female,1971-12-11,2735,false,divorced,2020-02-28
Jersey,"South Retachester",false,female,1987-10-12,8593,true,single,2023-05-17
Montserrat,"East Derekberg",false,female,1985-03-17,9585,false,single,2023-02-16
Panama,Altenwerthfurt,false,male,1976-02-28,7413,false,divorced,2022-08-28
Taiwan,Kochfort,false,male,1970-11-19,3163,true,married,2017-09-23
Peru,"East Martina",false,female,2003-10-27,8334,true,married,2017-12-12
Armenia,Victoriastad,true,male,2003-02-01,4475,true,married,2021-03-14
Lebanon,"Port Nels",false,female,1972-08-12,5628,true,married,2016-02-03
"Cayman Islands","East Tremaine",true,female,1996-06-27,2443,false,single,2016-05-14
"Papua New Guinea","New Mactown",false,male,1976-10-24,4582,false,married,2023-03-30
Singapore,Catharinefurt,true,male,1977-03-16,9304,false,divorced,2016-06-12
Lithuania,Joelleland,true,female,1983-09-17,5057,false,married,2019-09-24
Korea,"South Vladimirland",true,male,1989-01-28,9230,true,married,2023-10-03
Iraq,Greenborough,true,male,1990-01-29,4884,true,divorced,2015-11-15
Jordan,"New Terrellview",false,male,1978-03-30,2594,true,married,2022-03-24
Monaco,Sierrabury,false,female,1994-07-22,3836,false,single,2015-12-21
Lebanon,"New Lonzo",false,female,1977-07-21,6427,true,single,2016-11-12
Vanuatu,Gradyside,false,male,1974-01-09,5314,false,divorced,2022-10-16
Morocco,"East Mariemouth",true,female,1991-12-01,4653,true,married,2016-07-08
Guadeloupe,Gaylordfort,true,male,1984-11-14,8343,true,divorced,2021-02-13
"Svalbard & Jan Mayen Islands","New Quinten",true,male,1976-10-14,8665,true,single,2018-09-19
"San Marino","Port Valerieberg",true,male,2004-02-01,7375,false,single,2022-02-06
Nicaragua,Howellland,true,female,2002-11-14,4037,false,married,2017-09-05
Mongolia,"Port Margarett",true,female,1989-12-09,5616,false,married,2021-06-22
"Svalbard & Jan Mayen Islands",Constanceton,true,female,2005-07-11,695,false,single,2017-06-29
Lebanon,Shieldston,false,female,2001-12-26,1895,true,single,2016-08-18
Lithuania,Julietport,false,male,1994-10-12,2505,true,married,2022-02-14
Vietnam,"Lake Brennontown",true,male,1982-04-14,3466,false,married,2024-06-23
Kenya,"North Haskellport",true,male,1996-09-28,5439,true,single,2025-01-29
Latvia,Myrticeshire,true,male,1973-03-20,1991,true,married,2020-12-22
Panama,"North Judson",true,male,1994-03-19,3074,false,single,2016-09-05
Bulgaria,"South Brice",false,male,1982-04-03,1710,true,married,2020-11-16
France,Curtborough,true,female,1975-11-24,7685,false,divorced,2017-11-21
"Christmas Island",Ernsermouth,true,female,2004-08-31,9765,false,divorced,2020-08-13
Malaysia,Raphaellemouth,true,male,2000-12-19,2241,false,married,2018-04-11
Nauru,"North Vallieport",true,male,1970-04-08,6844,false,divorced,2018-07-04
Sweden,Jalenhaven,false,male,1986-03-19,8272,false,divorced,2021-02-16
Lebanon,Paxtonstad,false,male,2003-03-15,7296,false,single,2022-01-22
Bulgaria,"South Lauretta",false,male,2003-02-13,5218,false,married,2022-03-21
Taiwan,"East Rosendomouth",true,male,1972-07-01,9787,true,single,2016-10-08
Sweden,"North Daynaborough",true,male,1983-04-22,986,false,married,2021-07-02
"Slovakia (Slovak Republic)",Daughertyside,false,female,1984-08-29,8243,true,divorced,2021-07-21
Gambia,"East Louisa",false,female,2001-12-12,9031,false,single,2018-03-13
Anguilla,Fabiolashire,false,male,1992-04-22,1831,false,divorced,2023-03-11
Brazil,Laylastad,true,female,1977-09-07,9614,true,single,2020-04-11
Senegal,"New Laurence",true,male,1991-09-29,1051,false,divorced,2020-10-08
China,"Lake Bridie",true,female,1988-09-20,6791,false,single,2020-12-10
Uruguay,Kutchborough,false,female,1993-03-27,4546,true,divorced,2015-07-09
Gabon,"Lake Tyrachester",false,male,1981-11-09,9888,true,single,2023-09-16
Paraguay,"West Ramonshire",true,female,1989-02-20,6092,true,single,2023-11-29
Jersey,DuBuquestad,false,male,2003-04-16,9332,true,married,2016-12-03
"Heard Island and McDonald Islands",Greenfelderside,true,male,1987-02-09,5098,false,single,2018-06-13
Montenegro,"North Heberburgh",false,male,1976-03-18,2590,true,married,2016-10-16
Tonga,"Lake Lempi",true,male,1988-03-30,8858,true,married,2016-01-12
Guernsey,Josianeberg,true,male,2004-02-23,8566,true,married,2021-07-31
Belize,Willowmouth,true,male,1971-03-22,5842,true,single,2020-04-04
Georgia,Melodyfurt,false,female,1987-07-13,2683,true,divorced,2017-08-27
Vanuatu,"New Rafael",false,female,1998-06-16,328,true,single,2021-07-23
"Pitcairn Islands","East Alexanderland",false,female,1982-06-24,8794,true,married,2021-03-01
"Isle of Man",Bodefort,false,female,2005-10-01,1403,true,single,2016-01-24
"Heard Island and McDonald Islands",Ikehaven,true,male,1998-08-31,2261,false,divorced,2023-12-11
Ghana,Shanahanport,true,female,1995-11-09,4750,true,single,2024-07-30
"Lao People's Democratic Republic",Nitzscheburgh,false,female,1979-09-29,6861,false,married,2024-01-02
Mali,"Lake Aliyaside",true,male,1997-02-24,4739,false,married,2020-07-26
Armenia,Sherwoodfort,false,male,1988-05-01,7213,true,divorced,2022-05-30
Iraq,Sheldonchester,false,male,1994-07-16,2294,true,married,2017-09-19
Bhutan,"West Kaelynview",false,female,1989-08-25,9063,true,divorced,2016-10-11
Denmark,Sheabury,false,male,1981-05-03,789,false,married,2020-11-07
Italy,"Port Mollieville",true,male,1998-12-22,7299,false,divorced,2023-05-06
Mozambique,"South Wilford",true,male,1970-06-02,9260,false,married,2024-04-05
Mali,Smithside,false,male,1980-02-21,6799,false,divorced,2019-06-01
Liechtenstein,Kemmermouth,true,male,1970-03-05,1050,true,married,2016-06-20
"Kyrgyz Republic",Orionport,true,female,1984-02-11,5240,true,married,2023-12-15
Japan,"New Orionshire",true,male,2006-12-19,1876,true,single,2016-12-25
"Cocos (Keeling) Islands","Port Garth",true,male,1971-01-01,4514,false,married,2023-07-05
Tunisia,Kuhnfurt,false,female,1971-02-26,4385,false,divorced,2015-11-30
Slovenia,"Port Joshuah",true,female,1973-10-01,5793,true,divorced,2023-09-04
Finland,Whiteland,false,male,1976-04-16,4790,true,single,2024-07-18
Malawi,Sibylhaven,false,female,2003-03-20,2058,true,married,2016-02-12
"Saint Martin","North Marian",true,female,1978-07-27,291,true,married,2021-11-18
Yemen,"South Maribelchester",true,male,1992-05-14,8184,true,divorced,2022-10-26
Philippines,Jamisonchester,true,male,1998-08-06,8901,true,single,2023-05-16
"Puerto Rico",Freemanfort,true,male,1983-08-27,991,false,single,2017-11-20
Macedonia,Legrosberg,false,male,2003-10-17,9666,false,single,2016-06-11
"Trinidad and Tobago","East Ova",false,male,1982-04-05,7716,true,divorced,2015-04-23
Maldives,"West Carole",false,female,1983-04-15,5147,true,single,2019-10-14
Kenya,Brekkemouth,true,female,2000-03-05,3800,true,single,2017-08-13
"Bouvet Island (Bouvetoya)",Merlberg,false,female,1995-07-19,4033,true,married,2023-08-18
Chile,Ebonyfort,false,male,1997-04-29,7872,false,married,2019-04-07
Iceland,Danikahaven,true,female,1985-03-03,5407,true,married,2020-07-07
France,"New Jamarcus",true,male,1978-03-22,9900,false,married,2021-02-17
Bangladesh,Katharinashire,false,male,1975-11-18,6843,true,single,2017-10-22
Hungary,Shaneport,true,female,2002-03-01,6172,true,married,2017-06-09
Taiwan,"Lake Joaquin",false,male,2000-12-22,557,false,married,2015-03-25
"New Caledonia","South Wade",false,male,1989-10-24,414,true,married,2019-05-31
"Lao People's Democratic Republic",Laurenstad,false,male,1983-10-25,7484,true,married,2018-04-25
"French Polynesia","North Hymanland",false,male,1991-06-19,137,false,divorced,2020-04-15
